ID,comment
22610519-7978-4725-b2d2-f078738efdb7,comment-22610519
22610520-591b-40ff-b265-59e110100e65,comment-22610520
22610521-567c-4d99-9bbc-6c663c99c730,comment-22610521
22610522-80bd-432e-a9a5-9dd162d8e249,comment-22610522
22610523-f9ae-4202-90a4-3c3cb4c10a03,comment-22610523
22610524-448c-4d60-9791-c347d607d882,comment-22610524
22610525-58ea-467b-b051-dce3ded2c513,comment-22610525
22610526-d18a-4de5-b329-f70023af7ee3,comment-22610526
22610527-1739-4520-9993-f34e6a9683e9,comment-22610527
22610528-64ed-4bb2-9bf0-9b6381854768,comment-22610528